"ID","Process ID","Process Name","Host Name","Kernel Name","Context","Stream","Block Size","Grid Size","Device","CC","Section Name","Metric Name","Metric Unit","Metric Value","Rule Name","Rule Type","Rule Description","Estimated Speedup Type","Estimated Speedup"
"0","2650211","fa_v69_fp8_li","127.0.0.1","fa69_kernel(const unsigned char *, const unsigned char *, const unsigned char *, __half *, int, int, int, float, float, float, int)","1","7","(128, 1, 1)","(512, 1, 1)","0","12.0","GPU Speed Of Light Throughput","DRAM Frequency","hz","13,352,045,064.90",
"0","2650211","fa_v69_fp8_li","127.0.0.1","fa69_kernel(const unsigned char *, const unsigned char *, const unsigned char *, __half *, int, int, int, float, float, float, int)","1","7","(128, 1, 1)","(512, 1, 1)","0","12.0","GPU Speed Of Light Throughput","SM Frequency","hz","1,585,277,752.27",
"0","2650211","fa_v69_fp8_li","127.0.0.1","fa69_kernel(const unsigned char *, const unsigned char *, const unsigned char *, __half *, int, int, int, float, float, float, int)","1","7","(128, 1, 1)","(512, 1, 1)","0","12.0","GPU Speed Of Light Throughput","Elapsed Cycles","cycle","1,037,939",
"0","2650211","fa_v69_fp8_li","127.0.0.1","fa69_kernel(const unsigned char *, const unsigned char *, const unsigned char *, __half *, int, int, int, float, float, float, int)","1","7","(128, 1, 1)","(512, 1, 1)","0","12.0","GPU Speed Of Light Throughput","Memory Throughput","%","32.96",
"0","2650211","fa_v69_fp8_li","127.0.0.1","fa69_kernel(const unsigned char *, const unsigned char *, const unsigned char *, __half *, int, int, int, float, float, float, int)","1","7","(128, 1, 1)","(512, 1, 1)","0","12.0","GPU Speed Of Light Throughput","DRAM Throughput","%","2.26",
"0","2650211","fa_v69_fp8_li","127.0.0.1","fa69_kernel(const unsigned char *, const unsigned char *, const unsigned char *, __half *, int, int, int, float, float, float, int)","1","7","(128, 1, 1)","(512, 1, 1)","0","12.0","GPU Speed Of Light Throughput","Duration","ns","653,280",
"0","2650211","fa_v69_fp8_li","127.0.0.1","fa69_kernel(const unsigned char *, const unsigned char *, const unsigned char *, __half *, int, int, int, float, float, float, int)","1","7","(128, 1, 1)","(512, 1, 1)","0","12.0","GPU Speed Of Light Throughput","L1/TEX Cache Throughput","%","37.71",
"0","2650211","fa_v69_fp8_li","127.0.0.1","fa69_kernel(const unsigned char *, const unsigned char *, const unsigned char *, __half *, int, int, int, float, float, float, int)","1","7","(128, 1, 1)","(512, 1, 1)","0","12.0","GPU Speed Of Light Throughput","L2 Cache Throughput","%","11.19",
"0","2650211","fa_v69_fp8_li","127.0.0.1","fa69_kernel(const unsigned char *, const unsigned char *, const unsigned char *, __half *, int, int, int, float, float, float, int)","1","7","(128, 1, 1)","(512, 1, 1)","0","12.0","GPU Speed Of Light Throughput","SM Active Cycles","cycle","905,269.73",
"0","2650211","fa_v69_fp8_li","127.0.0.1","fa69_kernel(const unsigned char *, const unsigned char *, const unsigned char *, __half *, int, int, int, float, float, float, int)","1","7","(128, 1, 1)","(512, 1, 1)","0","12.0","GPU Speed Of Light Throughput","Compute (SM) Throughput","%","35.28",
"0","2650211","fa_v69_fp8_li","127.0.0.1","fa69_kernel(const unsigned char *, const unsigned char *, const unsigned char *, __half *, int, int, int, float, float, float, int)","1","7","(128, 1, 1)","(512, 1, 1)","0","12.0","SpeedOfLight","","","","SOLBottleneck","OPT","This workload exhibits low compute throughput and memory bandwidth utilization relative to the peak performance of this device. Achieved compute throughput and/or memory bandwidth below 60.0% of peak typically indicate latency issues. Look at Scheduler Statistics and Warp State Statistics for potential reasons.","",""
"0","2650211","fa_v69_fp8_li","127.0.0.1","fa69_kernel(const unsigned char *, const unsigned char *, const unsigned char *, __half *, int, int, int, float, float, float, int)","1","7","(128, 1, 1)","(512, 1, 1)","0","12.0","SpeedOfLight_RooflineChart","","","","SOLFPRoofline","INF","The ratio of peak float (FP32) to double (FP64) performance on this device is 64:1. The workload achieved 2% of this device's FP32 peak performance and 0% of its FP64 peak performance. See the Profiling Guide (https://docs.nvidia.com/nsight-compute/ProfilingGuide/index.html#roofline) for more details on roofline analysis.","",""
"0","2650211","fa_v69_fp8_li","127.0.0.1","fa69_kernel(const unsigned char *, const unsigned char *, const unsigned char *, __half *, int, int, int, float, float, float, int)","1","7","(128, 1, 1)","(512, 1, 1)","0","12.0","PM Sampling","Maximum Buffer Size","byte","32,899,072",
"0","2650211","fa_v69_fp8_li","127.0.0.1","fa69_kernel(const unsigned char *, const unsigned char *, const unsigned char *, __half *, int, int, int, float, float, float, int)","1","7","(128, 1, 1)","(512, 1, 1)","0","12.0","PM Sampling","Maximum Sampling Interval","ns","3,000",
"0","2650211","fa_v69_fp8_li","127.0.0.1","fa69_kernel(const unsigned char *, const unsigned char *, const unsigned char *, __half *, int, int, int, float, float, float, int)","1","7","(128, 1, 1)","(512, 1, 1)","0","12.0","PM Sampling","# Pass Groups","","2",
"0","2650211","fa_v69_fp8_li","127.0.0.1","fa69_kernel(const unsigned char *, const unsigned char *, const unsigned char *, __half *, int, int, int, float, float, float, int)","1","7","(128, 1, 1)","(512, 1, 1)","0","12.0","Compute Workload Analysis","Executed Ipc Active","inst/cycle","1.61",
"0","2650211","fa_v69_fp8_li","127.0.0.1","fa69_kernel(const unsigned char *, const unsigned char *, const unsigned char *, __half *, int, int, int, float, float, float, int)","1","7","(128, 1, 1)","(512, 1, 1)","0","12.0","Compute Workload Analysis","Executed Ipc Elapsed","inst/cycle","1.41",
"0","2650211","fa_v69_fp8_li","127.0.0.1","fa69_kernel(const unsigned char *, const unsigned char *, const unsigned char *, __half *, int, int, int, float, float, float, int)","1","7","(128, 1, 1)","(512, 1, 1)","0","12.0","Compute Workload Analysis","Issue Slots Busy","%","35.28",
"0","2650211","fa_v69_fp8_li","127.0.0.1","fa69_kernel(const unsigned char *, const unsigned char *, const unsigned char *, __half *, int, int, int, float, float, float, int)","1","7","(128, 1, 1)","(512, 1, 1)","0","12.0","Compute Workload Analysis","Issued Ipc Active","inst/cycle","1.61",
"0","2650211","fa_v69_fp8_li","127.0.0.1","fa69_kernel(const unsigned char *, const unsigned char *, const unsigned char *, __half *, int, int, int, float, float, float, int)","1","7","(128, 1, 1)","(512, 1, 1)","0","12.0","Compute Workload Analysis","SM Busy","%","35.28",
"0","2650211","fa_v69_fp8_li","127.0.0.1","fa69_kernel(const unsigned char *, const unsigned char *, const unsigned char *, __half *, int, int, int, float, float, float, int)","1","7","(128, 1, 1)","(512, 1, 1)","0","12.0","ComputeWorkloadAnalysis","","","","HighPipeUtilization","INF","Tensor is the highest-utilized pipeline (34.5%) based on elapsed cycles in the workload, taking into account the rates of its different instructions. It is the logical aggregation of individual tensor pipelines. It's dominated by its Tensor (FP) sub-pipeline. It is well-utilized, but should not be a bottleneck.","",""
"0","2650211","fa_v69_fp8_li","127.0.0.1","fa69_kernel(const unsigned char *, const unsigned char *, const unsigned char *, __half *, int, int, int, float, float, float, int)","1","7","(128, 1, 1)","(512, 1, 1)","0","12.0","Memory Workload Analysis","Local Memory Spilling Requests","","0",
"0","2650211","fa_v69_fp8_li","127.0.0.1","fa69_kernel(const unsigned char *, const unsigned char *, const unsigned char *, __half *, int, int, int, float, float, float, int)","1","7","(128, 1, 1)","(512, 1, 1)","0","12.0","Memory Workload Analysis","Local Memory Spilling Request Overhead","%","0",
"0","2650211","fa_v69_fp8_li","127.0.0.1","fa69_kernel(const unsigned char *, const unsigned char *, const unsigned char *, __half *, int, int, int, float, float, float, int)","1","7","(128, 1, 1)","(512, 1, 1)","0","12.0","Memory Workload Analysis","L2 Sector Promotion Misses","%","0",
"0","2650211","fa_v69_fp8_li","127.0.0.1","fa69_kernel(const unsigned char *, const unsigned char *, const unsigned char *, __half *, int, int, int, float, float, float, int)","1","7","(128, 1, 1)","(512, 1, 1)","0","12.0","Memory Workload Analysis","Shared Memory Spilling Requests","","0",
"0","2650211","fa_v69_fp8_li","127.0.0.1","fa69_kernel(const unsigned char *, const unsigned char *, const unsigned char *, __half *, int, int, int, float, float, float, int)","1","7","(128, 1, 1)","(512, 1, 1)","0","12.0","Memory Workload Analysis","Shared Memory Spilling Request Overhead","%","0",
"0","2650211","fa_v69_fp8_li","127.0.0.1","fa69_kernel(const unsigned char *, const unsigned char *, const unsigned char *, __half *, int, int, int, float, float, float, int)","1","7","(128, 1, 1)","(512, 1, 1)","0","12.0","Memory Workload Analysis","Memory Throughput","byte/s","38,630,810,678.42",
"0","2650211","fa_v69_fp8_li","127.0.0.1","fa69_kernel(const unsigned char *, const unsigned char *, const unsigned char *, __half *, int, int, int, float, float, float, int)","1","7","(128, 1, 1)","(512, 1, 1)","0","12.0","Memory Workload Analysis","Mem Busy","%","28.19",
"0","2650211","fa_v69_fp8_li","127.0.0.1","fa69_kernel(const unsigned char *, const unsigned char *, const unsigned char *, __half *, int, int, int, float, float, float, int)","1","7","(128, 1, 1)","(512, 1, 1)","0","12.0","Memory Workload Analysis","Max Bandwidth","%","32.96",
"0","2650211","fa_v69_fp8_li","127.0.0.1","fa69_kernel(const unsigned char *, const unsigned char *, const unsigned char *, __half *, int, int, int, float, float, float, int)","1","7","(128, 1, 1)","(512, 1, 1)","0","12.0","Memory Workload Analysis","L1/TEX Hit Rate","%","19.04",
"0","2650211","fa_v69_fp8_li","127.0.0.1","fa69_kernel(const unsigned char *, const unsigned char *, const unsigned char *, __half *, int, int, int, float, float, float, int)","1","7","(128, 1, 1)","(512, 1, 1)","0","12.0","Memory Workload Analysis","L2 Persisting Size","byte","25,165,824",
"0","2650211","fa_v69_fp8_li","127.0.0.1","fa69_kernel(const unsigned char *, const unsigned char *, const unsigned char *, __half *, int, int, int, float, float, float, int)","1","7","(128, 1, 1)","(512, 1, 1)","0","12.0","Memory Workload Analysis","L2 Compression Success Rate","%","0",
"0","2650211","fa_v69_fp8_li","127.0.0.1","fa69_kernel(const unsigned char *, const unsigned char *, const unsigned char *, __half *, int, int, int, float, float, float, int)","1","7","(128, 1, 1)","(512, 1, 1)","0","12.0","Memory Workload Analysis","L2 Compression Ratio","","0",
"0","2650211","fa_v69_fp8_li","127.0.0.1","fa69_kernel(const unsigned char *, const unsigned char *, const unsigned char *, __half *, int, int, int, float, float, float, int)","1","7","(128, 1, 1)","(512, 1, 1)","0","12.0","Memory Workload Analysis","L2 Compression Input Sectors","sector","0",
"0","2650211","fa_v69_fp8_li","127.0.0.1","fa69_kernel(const unsigned char *, const unsigned char *, const unsigned char *, __half *, int, int, int, float, float, float, int)","1","7","(128, 1, 1)","(512, 1, 1)","0","12.0","Memory Workload Analysis","L2 Hit Rate","%","95.07",
"0","2650211","fa_v69_fp8_li","127.0.0.1","fa69_kernel(const unsigned char *, const unsigned char *, const unsigned char *, __half *, int, int, int, float, float, float, int)","1","7","(128, 1, 1)","(512, 1, 1)","0","12.0","Memory Workload Analysis","Mem Pipes Busy","%","32.96",
"0","2650211","fa_v69_fp8_li","127.0.0.1","fa69_kernel(const unsigned char *, const unsigned char *, const unsigned char *, __half *, int, int, int, float, float, float, int)","1","7","(128, 1, 1)","(512, 1, 1)","0","12.0","MemoryWorkloadAnalysis_Tables","","","","LocalMemoryUsage","OPT","This workload accesses local memory (https://docs.nvidia.com/cuda/cuda-c-programming-guide/index.html#device-memory-accesses), accounting for 10.08% of all sectors requested in L1TEX. Local memory refers to a memory space that is private to each thread. Although it is logically distinct, local memory resides in global memory. This can lead to higher memory latency compared to the usage of registers or shared memory, a decrease in available bandwidth to global memory, and an increase in executed instructions.
0.22% of all local loads and 83.50% of all local stores spill into the L2 cache, accounting for 0.17% of all sectors requested in L2.
One common reason for the use of local memory is arrays being too large to fit into registers or not being indexed using compile time constants (see the "Local Memory" section of the CUDA Programming Guide (https://docs.nvidia.com/cuda/cuda-c-programming-guide/index.html#device-memory-accesses). For more advice on how to reduce the usage of local memory refer to the documentation (https://docs.nvidia.com/nsight-compute/ProfilingGuide/index.html#metrics-hw-memory).","global","20.13"
"0","2650211","fa_v69_fp8_li","127.0.0.1","fa69_kernel(const unsigned char *, const unsigned char *, const unsigned char *, __half *, int, int, int, float, float, float, int)","1","7","(128, 1, 1)","(512, 1, 1)","0","12.0","MemoryWorkloadAnalysis_Tables","","","","MemoryCacheAccessPattern","OPT","The memory access pattern for global stores to L1TEX might not be optimal. On average, only 8.0 of the 32 bytes transmitted per sector are utilized by each thread. This could possibly be caused by a stride between threads. Check the Source Counters section for uncoalesced global stores.","global","24.72"
"0","2650211","fa_v69_fp8_li","127.0.0.1","fa69_kernel(const unsigned char *, const unsigned char *, const unsigned char *, __half *, int, int, int, float, float, float, int)","1","7","(128, 1, 1)","(512, 1, 1)","0","12.0","MemoryWorkloadAnalysis_Tables","","","","MemoryCacheAccessPattern","OPT","The memory access pattern for local stores to L1TEX might not be optimal. On average, only 1.0 of the 32 bytes transmitted per sector are utilized by each thread. This could possibly be caused by a stride between threads. Check the Source Counters section for uncoalesced local stores.","global","31.93"
"0","2650211","fa_v69_fp8_li","127.0.0.1","fa69_kernel(const unsigned char *, const unsigned char *, const unsigned char *, __half *, int, int, int, float, float, float, int)","1","7","(128, 1, 1)","(512, 1, 1)","0","12.0","MemoryWorkloadAnalysis_Tables","","","","SharedMemoryConflicts","OPT","The memory access pattern for shared loads might not be optimal and causes on average a 1.5 - way bank conflict across all 21037056 shared load requests.This results in 10510857 bank conflicts,  which represent 33.32% of the overall 31547700 wavefronts for shared loads. Check the Source Counters section for uncoalesced shared loads.","global","12.56"
"0","2650211","fa_v69_fp8_li","127.0.0.1","fa69_kernel(const unsigned char *, const unsigned char *, const unsigned char *, __half *, int, int, int, float, float, float, int)","1","7","(128, 1, 1)","(512, 1, 1)","0","12.0","MemoryWorkloadAnalysis_Tables","","","","SharedMemoryConflicts","OPT","The memory access pattern for shared stores might not be optimal and causes on average a 2.7 - way bank conflict across all 6291456 shared store requests.This results in 10491094 bank conflicts,  which represent 62.51% of the overall 16782587 wavefronts for shared stores. Check the Source Counters section for uncoalesced shared stores.","global","23.57"
"0","2650211","fa_v69_fp8_li","127.0.0.1","fa69_kernel(const unsigned char *, const unsigned char *, const unsigned char *, __half *, int, int, int, float, float, float, int)","1","7","(128, 1, 1)","(512, 1, 1)","0","12.0","Scheduler Statistics","One or More Eligible","%","40.45",
"0","2650211","fa_v69_fp8_li","127.0.0.1","fa69_kernel(const unsigned char *, const unsigned char *, const unsigned char *, __half *, int, int, int, float, float, float, int)","1","7","(128, 1, 1)","(512, 1, 1)","0","12.0","Scheduler Statistics","Issued Warp Per Scheduler","","0.40",
"0","2650211","fa_v69_fp8_li","127.0.0.1","fa69_kernel(const unsigned char *, const unsigned char *, const unsigned char *, __half *, int, int, int, float, float, float, int)","1","7","(128, 1, 1)","(512, 1, 1)","0","12.0","Scheduler Statistics","No Eligible","%","59.55",
"0","2650211","fa_v69_fp8_li","127.0.0.1","fa69_kernel(const unsigned char *, const unsigned char *, const unsigned char *, __half *, int, int, int, float, float, float, int)","1","7","(128, 1, 1)","(512, 1, 1)","0","12.0","Scheduler Statistics","Active Warps Per Scheduler","warp","1.64",
"0","2650211","fa_v69_fp8_li","127.0.0.1","fa69_kernel(const unsigned char *, const unsigned char *, const unsigned char *, __half *, int, int, int, float, float, float, int)","1","7","(128, 1, 1)","(512, 1, 1)","0","12.0","Scheduler Statistics","Eligible Warps Per Scheduler","warp","0.50",
"0","2650211","fa_v69_fp8_li","127.0.0.1","fa69_kernel(const unsigned char *, const unsigned char *, const unsigned char *, __half *, int, int, int, float, float, float, int)","1","7","(128, 1, 1)","(512, 1, 1)","0","12.0","SchedulerStats","","","","IssueSlotUtilization","OPT","Every scheduler is capable of issuing one instruction per cycle, but for this workload each scheduler only issues an instruction every 2.5 cycles. This might leave hardware resources underutilized and may lead to less optimal performance. Out of the maximum of 12 warps per scheduler, this workload allocates an average of 1.64 active warps per scheduler, but only an average of 0.50 warps were eligible per cycle. Eligible warps are the subset of active warps that are ready to issue their next instruction. Every cycle with no eligible warp results in no instruction being issued and the issue slot remains unused. To increase the number of eligible warps, avoid possible load imbalances due to highly different execution durations per warp. Reducing stalls indicated on the Warp State Statistics and Source Counters sections can help, too.","local","59.55"
"0","2650211","fa_v69_fp8_li","127.0.0.1","fa69_kernel(const unsigned char *, const unsigned char *, const unsigned char *, __half *, int, int, int, float, float, float, int)","1","7","(128, 1, 1)","(512, 1, 1)","0","12.0","Warp State Statistics","Warp Cycles Per Issued Instruction","cycle","4.05",
"0","2650211","fa_v69_fp8_li","127.0.0.1","fa69_kernel(const unsigned char *, const unsigned char *, const unsigned char *, __half *, int, int, int, float, float, float, int)","1","7","(128, 1, 1)","(512, 1, 1)","0","12.0","Warp State Statistics","Warp Cycles Per Executed Instruction","cycle","4.05",
"0","2650211","fa_v69_fp8_li","127.0.0.1","fa69_kernel(const unsigned char *, const unsigned char *, const unsigned char *, __half *, int, int, int, float, float, float, int)","1","7","(128, 1, 1)","(512, 1, 1)","0","12.0","Warp State Statistics","Avg. Active Threads Per Warp","","32",
"0","2650211","fa_v69_fp8_li","127.0.0.1","fa69_kernel(const unsigned char *, const unsigned char *, const unsigned char *, __half *, int, int, int, float, float, float, int)","1","7","(128, 1, 1)","(512, 1, 1)","0","12.0","Warp State Statistics","Avg. Not Predicated Off Threads Per Warp","","28.97",
"0","2650211","fa_v69_fp8_li","127.0.0.1","fa69_kernel(const unsigned char *, const unsigned char *, const unsigned char *, __half *, int, int, int, float, float, float, int)","1","7","(128, 1, 1)","(512, 1, 1)","0","12.0","Instruction Statistics","Local Memory Spilling Requests","byte","0",
"0","2650211","fa_v69_fp8_li","127.0.0.1","fa69_kernel(const unsigned char *, const unsigned char *, const unsigned char *, __half *, int, int, int, float, float, float, int)","1","7","(128, 1, 1)","(512, 1, 1)","0","12.0","Instruction Statistics","Shared Memory Spilling Requests","byte","0",
"0","2650211","fa_v69_fp8_li","127.0.0.1","fa69_kernel(const unsigned char *, const unsigned char *, const unsigned char *, __half *, int, int, int, float, float, float, int)","1","7","(128, 1, 1)","(512, 1, 1)","0","12.0","Instruction Statistics","Avg. Executed Instructions Per Scheduler","inst","365,366.47",
"0","2650211","fa_v69_fp8_li","127.0.0.1","fa69_kernel(const unsigned char *, const unsigned char *, const unsigned char *, __half *, int, int, int, float, float, float, int)","1","7","(128, 1, 1)","(512, 1, 1)","0","12.0","Instruction Statistics","Executed Instructions","inst","274,755,584",
"0","2650211","fa_v69_fp8_li","127.0.0.1","fa69_kernel(const unsigned char *, const unsigned char *, const unsigned char *, __half *, int, int, int, float, float, float, int)","1","7","(128, 1, 1)","(512, 1, 1)","0","12.0","Instruction Statistics","Avg. Issued Instructions Per Scheduler","inst","365,366.47",
"0","2650211","fa_v69_fp8_li","127.0.0.1","fa69_kernel(const unsigned char *, const unsigned char *, const unsigned char *, __half *, int, int, int, float, float, float, int)","1","7","(128, 1, 1)","(512, 1, 1)","0","12.0","Instruction Statistics","Issued Instructions","inst","274,755,584",
"0","2650211","fa_v69_fp8_li","127.0.0.1","fa69_kernel(const unsigned char *, const unsigned char *, const unsigned char *, __half *, int, int, int, float, float, float, int)","1","7","(128, 1, 1)","(512, 1, 1)","0","12.0","InstructionStats","","","","FPInstructions","OPT","This workload executes 565248 fused and 53739520 non-fused FP32 instructions. By converting pairs of non-fused instructions to their fused (https://docs.nvidia.com/cuda/floating-point/#cuda-and-floating-point), higher-throughput equivalent, the achieved FP32 performance could be increased by up to 49% (relative to its current performance).","global","6.275"
"0","2650211","fa_v69_fp8_li","127.0.0.1","fa69_kernel(const unsigned char *, const unsigned char *, const unsigned char *, __half *, int, int, int, float, float, float, int)","1","7","(128, 1, 1)","(512, 1, 1)","0","12.0","Launch Statistics","Block Size","","128",
"0","2650211","fa_v69_fp8_li","127.0.0.1","fa69_kernel(const unsigned char *, const unsigned char *, const unsigned char *, __half *, int, int, int, float, float, float, int)","1","7","(128, 1, 1)","(512, 1, 1)","0","12.0","Launch Statistics","Cluster Scheduling Policy","","PolicySpread",
"0","2650211","fa_v69_fp8_li","127.0.0.1","fa69_kernel(const unsigned char *, const unsigned char *, const unsigned char *, __half *, int, int, int, float, float, float, int)","1","7","(128, 1, 1)","(512, 1, 1)","0","12.0","Launch Statistics","Cluster Size","","0",
"0","2650211","fa_v69_fp8_li","127.0.0.1","fa69_kernel(const unsigned char *, const unsigned char *, const unsigned char *, __half *, int, int, int, float, float, float, int)","1","7","(128, 1, 1)","(512, 1, 1)","0","12.0","Launch Statistics","Function Cache Configuration","","CachePreferNone",
"0","2650211","fa_v69_fp8_li","127.0.0.1","fa69_kernel(const unsigned char *, const unsigned char *, const unsigned char *, __half *, int, int, int, float, float, float, int)","1","7","(128, 1, 1)","(512, 1, 1)","0","12.0","Launch Statistics","Grid Size","","512",
"0","2650211","fa_v69_fp8_li","127.0.0.1","fa69_kernel(const unsigned char *, const unsigned char *, const unsigned char *, __half *, int, int, int, float, float, float, int)","1","7","(128, 1, 1)","(512, 1, 1)","0","12.0","Launch Statistics","Preferred Cluster Size","","0",
"0","2650211","fa_v69_fp8_li","127.0.0.1","fa69_kernel(const unsigned char *, const unsigned char *, const unsigned char *, __half *, int, int, int, float, float, float, int)","1","7","(128, 1, 1)","(512, 1, 1)","0","12.0","Launch Statistics","Registers Per Thread","register/thread","237",
"0","2650211","fa_v69_fp8_li","127.0.0.1","fa69_kernel(const unsigned char *, const unsigned char *, const unsigned char *, __half *, int, int, int, float, float, float, int)","1","7","(128, 1, 1)","(512, 1, 1)","0","12.0","Launch Statistics","Shared Memory Configuration Size","byte","102,400",
"0","2650211","fa_v69_fp8_li","127.0.0.1","fa69_kernel(const unsigned char *, const unsigned char *, const unsigned char *, __half *, int, int, int, float, float, float, int)","1","7","(128, 1, 1)","(512, 1, 1)","0","12.0","Launch Statistics","Driver Shared Memory Per Block","byte/block","1,024",
"0","2650211","fa_v69_fp8_li","127.0.0.1","fa69_kernel(const unsigned char *, const unsigned char *, const unsigned char *, __half *, int, int, int, float, float, float, int)","1","7","(128, 1, 1)","(512, 1, 1)","0","12.0","Launch Statistics","Dynamic Shared Memory Per Block","byte/block","49,664",
"0","2650211","fa_v69_fp8_li","127.0.0.1","fa69_kernel(const unsigned char *, const unsigned char *, const unsigned char *, __half *, int, int, int, float, float, float, int)","1","7","(128, 1, 1)","(512, 1, 1)","0","12.0","Launch Statistics","Static Shared Memory Per Block","byte/block","0",
"0","2650211","fa_v69_fp8_li","127.0.0.1","fa69_kernel(const unsigned char *, const unsigned char *, const unsigned char *, __half *, int, int, int, float, float, float, int)","1","7","(128, 1, 1)","(512, 1, 1)","0","12.0","Launch Statistics","# SMs","SM","188",
"0","2650211","fa_v69_fp8_li","127.0.0.1","fa69_kernel(const unsigned char *, const unsigned char *, const unsigned char *, __half *, int, int, int, float, float, float, int)","1","7","(128, 1, 1)","(512, 1, 1)","0","12.0","Launch Statistics","Stack Size","","1,024",
"0","2650211","fa_v69_fp8_li","127.0.0.1","fa69_kernel(const unsigned char *, const unsigned char *, const unsigned char *, __half *, int, int, int, float, float, float, int)","1","7","(128, 1, 1)","(512, 1, 1)","0","12.0","Launch Statistics","Threads","thread","65,536",
"0","2650211","fa_v69_fp8_li","127.0.0.1","fa69_kernel(const unsigned char *, const unsigned char *, const unsigned char *, __half *, int, int, int, float, float, float, int)","1","7","(128, 1, 1)","(512, 1, 1)","0","12.0","Launch Statistics","# TPCs","","94",
"0","2650211","fa_v69_fp8_li","127.0.0.1","fa69_kernel(const unsigned char *, const unsigned char *, const unsigned char *, __half *, int, int, int, float, float, float, int)","1","7","(128, 1, 1)","(512, 1, 1)","0","12.0","Launch Statistics","Enabled TPC IDs","","all",
"0","2650211","fa_v69_fp8_li","127.0.0.1","fa69_kernel(const unsigned char *, const unsigned char *, const unsigned char *, __half *, int, int, int, float, float, float, int)","1","7","(128, 1, 1)","(512, 1, 1)","0","12.0","Launch Statistics","Uses Green Context","","0",
"0","2650211","fa_v69_fp8_li","127.0.0.1","fa69_kernel(const unsigned char *, const unsigned char *, const unsigned char *, __half *, int, int, int, float, float, float, int)","1","7","(128, 1, 1)","(512, 1, 1)","0","12.0","Launch Statistics","Waves Per SM","","1.36",
"0","2650211","fa_v69_fp8_li","127.0.0.1","fa69_kernel(const unsigned char *, const unsigned char *, const unsigned char *, __half *, int, int, int, float, float, float, int)","1","7","(128, 1, 1)","(512, 1, 1)","0","12.0","LaunchStats","","","","LaunchConfiguration","OPT","A wave of thread blocks is defined as the maximum number of blocks that can be executed in parallel on the target GPU. The number of blocks in a wave depends on the number of multiprocessors and the theoretical occupancy of the kernel. This kernel launch results in 1 full waves and a partial wave of 136 thread blocks. Under the assumption of a uniform execution duration of all thread blocks, this partial wave may account for up to 50.0% of the total runtime of this kernel. Try launching a grid with no partial wave. The overall impact of this tail effect also lessens with the number of full waves executed for a grid. See the Hardware Model (https://docs.nvidia.com/nsight-compute/ProfilingGuide/index.html#metrics-hw-model) description for more details on launch configurations.","global","50"
"0","2650211","fa_v69_fp8_li","127.0.0.1","fa69_kernel(const unsigned char *, const unsigned char *, const unsigned char *, __half *, int, int, int, float, float, float, int)","1","7","(128, 1, 1)","(512, 1, 1)","0","12.0","Occupancy","Max Active Clusters","cluster","0",
"0","2650211","fa_v69_fp8_li","127.0.0.1","fa69_kernel(const unsigned char *, const unsigned char *, const unsigned char *, __half *, int, int, int, float, float, float, int)","1","7","(128, 1, 1)","(512, 1, 1)","0","12.0","Occupancy","Max Cluster Size","block","8",
"0","2650211","fa_v69_fp8_li","127.0.0.1","fa69_kernel(const unsigned char *, const unsigned char *, const unsigned char *, __half *, int, int, int, float, float, float, int)","1","7","(128, 1, 1)","(512, 1, 1)","0","12.0","Occupancy","Overall GPU Occupancy","%","0",
"0","2650211","fa_v69_fp8_li","127.0.0.1","fa69_kernel(const unsigned char *, const unsigned char *, const unsigned char *, __half *, int, int, int, float, float, float, int)","1","7","(128, 1, 1)","(512, 1, 1)","0","12.0","Occupancy","Cluster Occupancy","%","0",
"0","2650211","fa_v69_fp8_li","127.0.0.1","fa69_kernel(const unsigned char *, const unsigned char *, const unsigned char *, __half *, int, int, int, float, float, float, int)","1","7","(128, 1, 1)","(512, 1, 1)","0","12.0","Occupancy","Block Limit Barriers","block","24",
"0","2650211","fa_v69_fp8_li","127.0.0.1","fa69_kernel(const unsigned char *, const unsigned char *, const unsigned char *, __half *, int, int, int, float, float, float, int)","1","7","(128, 1, 1)","(512, 1, 1)","0","12.0","Occupancy","Block Limit SM","block","24",
"0","2650211","fa_v69_fp8_li","127.0.0.1","fa69_kernel(const unsigned char *, const unsigned char *, const unsigned char *, __half *, int, int, int, float, float, float, int)","1","7","(128, 1, 1)","(512, 1, 1)","0","12.0","Occupancy","Block Limit Registers","block","2",
"0","2650211","fa_v69_fp8_li","127.0.0.1","fa69_kernel(const unsigned char *, const unsigned char *, const unsigned char *, __half *, int, int, int, float, float, float, int)","1","7","(128, 1, 1)","(512, 1, 1)","0","12.0","Occupancy","Block Limit Shared Mem","block","2",
"0","2650211","fa_v69_fp8_li","127.0.0.1","fa69_kernel(const unsigned char *, const unsigned char *, const unsigned char *, __half *, int, int, int, float, float, float, int)","1","7","(128, 1, 1)","(512, 1, 1)","0","12.0","Occupancy","Block Limit Warps","block","12",
"0","2650211","fa_v69_fp8_li","127.0.0.1","fa69_kernel(const unsigned char *, const unsigned char *, const unsigned char *, __half *, int, int, int, float, float, float, int)","1","7","(128, 1, 1)","(512, 1, 1)","0","12.0","Occupancy","Theoretical Active Warps per SM","warp","8",
"0","2650211","fa_v69_fp8_li","127.0.0.1","fa69_kernel(const unsigned char *, const unsigned char *, const unsigned char *, __half *, int, int, int, float, float, float, int)","1","7","(128, 1, 1)","(512, 1, 1)","0","12.0","Occupancy","Theoretical Occupancy","%","16.67",
"0","2650211","fa_v69_fp8_li","127.0.0.1","fa69_kernel(const unsigned char *, const unsigned char *, const unsigned char *, __half *, int, int, int, float, float, float, int)","1","7","(128, 1, 1)","(512, 1, 1)","0","12.0","Occupancy","Achieved Occupancy","%","13.63",
"0","2650211","fa_v69_fp8_li","127.0.0.1","fa69_kernel(const unsigned char *, const unsigned char *, const unsigned char *, __half *, int, int, int, float, float, float, int)","1","7","(128, 1, 1)","(512, 1, 1)","0","12.0","Occupancy","Achieved Active Warps Per SM","warp","6.54",
"0","2650211","fa_v69_fp8_li","127.0.0.1","fa69_kernel(const unsigned char *, const unsigned char *, const unsigned char *, __half *, int, int, int, float, float, float, int)","1","7","(128, 1, 1)","(512, 1, 1)","0","12.0","Occupancy","","","","TheoreticalOccupancy","OPT","The 2.00 theoretical warps per scheduler this kernel can issue according to its occupancy are below the hardware maximum of 12. This kernel's theoretical occupancy (16.7%) is limited by the number of required registers, and the required amount of shared memory.","global","59.55"
"0","2650211","fa_v69_fp8_li","127.0.0.1","fa69_kernel(const unsigned char *, const unsigned char *, const unsigned char *, __half *, int, int, int, float, float, float, int)","1","7","(128, 1, 1)","(512, 1, 1)","0","12.0","GPU and Memory Workload Distribution","Average DRAM Active Cycles","cycle","197,162",
"0","2650211","fa_v69_fp8_li","127.0.0.1","fa69_kernel(const unsigned char *, const unsigned char *, const unsigned char *, __half *, int, int, int, float, float, float, int)","1","7","(128, 1, 1)","(512, 1, 1)","0","12.0","GPU and Memory Workload Distribution","Total DRAM Elapsed Cycles","cycle","139,561,984",
"0","2650211","fa_v69_fp8_li","127.0.0.1","fa69_kernel(const unsigned char *, const unsigned char *, const unsigned char *, __half *, int, int, int, float, float, float, int)","1","7","(128, 1, 1)","(512, 1, 1)","0","12.0","GPU and Memory Workload Distribution","Average L1 Active Cycles","cycle","905,269.73",
"0","2650211","fa_v69_fp8_li","127.0.0.1","fa69_kernel(const unsigned char *, const unsigned char *, const unsigned char *, __half *, int, int, int, float, float, float, int)","1","7","(128, 1, 1)","(512, 1, 1)","0","12.0","GPU and Memory Workload Distribution","Total L1 Elapsed Cycles","cycle","194,698,652",
"0","2650211","fa_v69_fp8_li","127.0.0.1","fa69_kernel(const unsigned char *, const unsigned char *, const unsigned char *, __half *, int, int, int, float, float, float, int)","1","7","(128, 1, 1)","(512, 1, 1)","0","12.0","GPU and Memory Workload Distribution","Average L2 Active Cycles","cycle","618,271.67",
"0","2650211","fa_v69_fp8_li","127.0.0.1","fa69_kernel(const unsigned char *, const unsigned char *, const unsigned char *, __half *, int, int, int, float, float, float, int)","1","7","(128, 1, 1)","(512, 1, 1)","0","12.0","GPU and Memory Workload Distribution","Total L2 Elapsed Cycles","cycle","85,595,904",
"0","2650211","fa_v69_fp8_li","127.0.0.1","fa69_kernel(const unsigned char *, const unsigned char *, const unsigned char *, __half *, int, int, int, float, float, float, int)","1","7","(128, 1, 1)","(512, 1, 1)","0","12.0","GPU and Memory Workload Distribution","Average SM Active Cycles","cycle","905,269.73",
"0","2650211","fa_v69_fp8_li","127.0.0.1","fa69_kernel(const unsigned char *, const unsigned char *, const unsigned char *, __half *, int, int, int, float, float, float, int)","1","7","(128, 1, 1)","(512, 1, 1)","0","12.0","GPU and Memory Workload Distribution","Total SM Elapsed Cycles","cycle","194,698,652",
"0","2650211","fa_v69_fp8_li","127.0.0.1","fa69_kernel(const unsigned char *, const unsigned char *, const unsigned char *, __half *, int, int, int, float, float, float, int)","1","7","(128, 1, 1)","(512, 1, 1)","0","12.0","GPU and Memory Workload Distribution","Average SMSP Active Cycles","cycle","903,227.04",
"0","2650211","fa_v69_fp8_li","127.0.0.1","fa69_kernel(const unsigned char *, const unsigned char *, const unsigned char *, __half *, int, int, int, float, float, float, int)","1","7","(128, 1, 1)","(512, 1, 1)","0","12.0","GPU and Memory Workload Distribution","Total SMSP Elapsed Cycles","cycle","778,794,608",
"0","2650211","fa_v69_fp8_li","127.0.0.1","fa69_kernel(const unsigned char *, const unsigned char *, const unsigned char *, __half *, int, int, int, float, float, float, int)","1","7","(128, 1, 1)","(512, 1, 1)","0","12.0","WorkloadDistribution","","","","WorkloadImbalance","OPT","One or more SMs have a much lower number of active cycles than the average number of active cycles. Maximum instance value is 12.63% above the average, while the minimum instance value is 36.09% below the average.","global","11.04"
"0","2650211","fa_v69_fp8_li","127.0.0.1","fa69_kernel(const unsigned char *, const unsigned char *, const unsigned char *, __half *, int, int, int, float, float, float, int)","1","7","(128, 1, 1)","(512, 1, 1)","0","12.0","WorkloadDistribution","","","","WorkloadImbalance","OPT","One or more SMSPs have a much lower number of active cycles than the average number of active cycles. Maximum instance value is 19.73% above the average, while the minimum instance value is 36.14% below the average.","global","17.2"
"0","2650211","fa_v69_fp8_li","127.0.0.1","fa69_kernel(const unsigned char *, const unsigned char *, const unsigned char *, __half *, int, int, int, float, float, float, int)","1","7","(128, 1, 1)","(512, 1, 1)","0","12.0","WorkloadDistribution","","","","WorkloadImbalance","OPT","One or more L1 Slices have a much lower number of active cycles than the average number of active cycles. Maximum instance value is 12.63% above the average, while the minimum instance value is 36.09% below the average.","global","11.04"
"0","2650211","fa_v69_fp8_li","127.0.0.1","fa69_kernel(const unsigned char *, const unsigned char *, const unsigned char *, __half *, int, int, int, float, float, float, int)","1","7","(128, 1, 1)","(512, 1, 1)","0","12.0","Source Counters","Branch Instructions Ratio","%","0.01",
"0","2650211","fa_v69_fp8_li","127.0.0.1","fa69_kernel(const unsigned char *, const unsigned char *, const unsigned char *, __half *, int, int, int, float, float, float, int)","1","7","(128, 1, 1)","(512, 1, 1)","0","12.0","Source Counters","Branch Instructions","inst","2,793,472",
"0","2650211","fa_v69_fp8_li","127.0.0.1","fa69_kernel(const unsigned char *, const unsigned char *, const unsigned char *, __half *, int, int, int, float, float, float, int)","1","7","(128, 1, 1)","(512, 1, 1)","0","12.0","Source Counters","Branch Efficiency","%","100",
"0","2650211","fa_v69_fp8_li","127.0.0.1","fa69_kernel(const unsigned char *, const unsigned char *, const unsigned char *, __half *, int, int, int, float, float, float, int)","1","7","(128, 1, 1)","(512, 1, 1)","0","12.0","Source Counters","Avg. Divergent Branches","branches","0",
"0","2650211","fa_v69_fp8_li","127.0.0.1","fa69_kernel(const unsigned char *, const unsigned char *, const unsigned char *, __half *, int, int, int, float, float, float, int)","1","7","(128, 1, 1)","(512, 1, 1)","0","12.0","SourceCounters","","","","UncoalescedGlobalAccess","OPT","This workload has uncoalesced global accesses resulting in a total of 1572864 excessive sectors (8% of the total 19136512 sectors). Check the L2 Theoretical Sectors Global Excessive table for the primary source locations. The CUDA Programming Guide (https://docs.nvidia.com/cuda/cuda-c-programming-guide/index.html#device-memory-accesses) has additional information on reducing uncoalesced device memory accesses.","global","3.8"
"0","2650211","fa_v69_fp8_li","127.0.0.1","fa69_kernel(const unsigned char *, const unsigned char *, const unsigned char *, __half *, int, int, int, float, float, float, int)","1","7","(128, 1, 1)","(512, 1, 1)","0","12.0","SourceCounters","","","","UncoalescedSharedAccess","OPT","This workload has uncoalesced shared accesses resulting in a total of 20971520 excessive wavefronts (40% of the total 52559872 wavefronts). Check the L1 Wavefronts Shared Excessive table for the primary source locations. The CUDA Best Practices Guide (https://docs.nvidia.com/cuda/cuda-c-best-practices-guide/index.html#shared-memory-in-matrix-multiplication-c-ab) has an example on optimizing shared memory accesses.","global","34.88"
